{
  "project_info": {
    "project_number": "318612510962",
    "firebase_url": "https://cosinetconsulting-acb2c.firebaseio.com",
    "project_id": "cosinetconsulting-acb2c",
    "storage_bucket": "cosinetconsulting-acb2c.appspot.com"
  },
  "client": [
    {
      "client_info": {
        "mobilesdk_app_id": "1:318612510962:android:01e3bff7b90931b996d86b",
        "android_client_info": {
          "package_name": "com.example.cosinetconsulting"
        }
      },
      "oauth_client": [
        {
          "client_id": "318612510962-20bhe6m98go8pnq84tq975g3uj7jel06.apps.googleusercontent.com",
          "client_type": 3
        }
      ],
      "api_key": [
        {
          "current_key": "AIzaSyA1tdx96mUuKqyd_HhTVLG5UCO5lBpfK9Q"
        }
      ],
      "services": {
        "appinvite_service": {
          "other_platform_oauth_client": [
            {
              "client_id": "318612510962-20bhe6m98go8pnq84tq975g3uj7jel06.apps.googleusercontent.com",
              "client_type": 3
            }
          ]
        }
      }
    }
  ],
  "configuration_version": "1"
}